phase,epoch,dataset,loss_total,loss_wss,loss_physics,loss_bc_noslip,loss_pressure,wss_relative_l2,wss_correlation,wss_mae,wss_rmse,residual_momentum_x,residual_momentum_y,residual_momentum_z,residual_continuity
systolic,6351,train,308.6275634765625,280.1319885253906,13.053004264831543,0.001273469883017242,0.03893166780471802,0.32841992378234863,0.9431518912315369,3.8667757511138916,9.66319465637207,0.6410917639732361,0.5625837445259094,0.47468578815460205,2.117912769317627
diastolic,6351,train,103.55333709716797,51.94463348388672,22.100038528442383,0.0012380514526739717,0.4740704894065857,0.32393738627433777,0.9419240355491638,2.7269253730773926,4.1611151695251465,0.7925103902816772,0.642363965511322,0.5707021951675415,2.828925848007202
