phase,epoch,dataset,loss_total,loss_wss,loss_physics,loss_bc_noslip,loss_pressure,loss_inlet,loss_outlet,wss_relative_l2,wss_correlation,wss_mae,wss_rmse,residual_momentum_x,residual_momentum_y,residual_momentum_z,residual_continuity
systolic,9182,train,1.2467365264892578,0.5698118209838867,0.035414084792137146,0.6284955739974976,0.005819062702357769,0.0021503090392798185,1.2608134056790732e-06,0.3275243639945984,0.9439614415168762,0.16770482063293457,0.4358179271221161,0.07589173316955566,0.06997165828943253,0.0686863549053669,0.049250464886426926
diastolic,9182,train,0.6978235244750977,0.08292017877101898,0.009633233770728111,0.1239103376865387,0.0019577215425670147,0.00027997276629321277,6.248593535929103e-07,0.34710782766342163,0.9300438761711121,0.09622437506914139,0.166253000497818,0.03842295706272125,0.034538114443421364,0.03473963402211666,0.02623129915446043
