phase,epoch,dataset,loss_total,loss_wss,loss_physics,loss_bc_noslip,loss_pressure,wss_relative_l2,wss_correlation,wss_mae,wss_rmse,residual_momentum_x,residual_momentum_y,residual_momentum_z,residual_continuity
systolic,8999,train,277.01800537109375,236.62167358398438,2.3081295490264893,0.000619311525952071,0.2215525060892105,0.3096087574958801,0.9495193362236023,3.8275556564331055,8.881096839904785,0.4151635766029358,0.37815672159194946,0.37816134095191956,0.6792835593223572
diastolic,8999,train,64.70587158203125,37.432559967041016,1.5419094562530518,0.00039648963138461113,0.1932917833328247,0.3156375586986542,0.9465383291244507,2.297637462615967,3.532353162765503,0.3792104721069336,0.36742454767227173,0.34702351689338684,0.48186740279197693
