phase,epoch,dataset,loss_total,loss_wss,loss_physics,loss_bc_noslip,loss_pressure,wss_relative_l2,wss_correlation,wss_mae,wss_rmse,residual_momentum_x,residual_momentum_y,residual_momentum_z,residual_continuity
systolic,8699,train,245.5198211669922,184.77737426757812,3.8603110313415527,0.0008534652879461646,0.46907714009284973,0.31874120235443115,0.9475263953208923,3.355332136154175,7.848085403442383,0.33154812455177307,0.2961428463459015,0.2950003147125244,1.1756141185760498
diastolic,8699,train,77.32586669921875,44.05126190185547,3.4164693355560303,0.0003758913662750274,0.07621287554502487,0.4901147782802582,0.8752268552780151,2.833881378173828,3.8319387435913086,0.28033527731895447,0.26172757148742676,0.2592099606990814,1.0665736198425293
